-- Добавляем тестовые данные для ветеринарной клиники

-- Очищаем существующие данные (если есть)
DELETE FROM medical_records;
DELETE FROM appointments;
DELETE FROM pets;
DELETE FROM pet_owners;
DELETE FROM services;
DELETE FROM profiles;

-- Добавляем услуги клиники
INSERT INTO services (id, name, description, price, duration_minutes, category, is_active, created_at) VALUES
('550e8400-e29b-41d4-a716-446655440001', 'Общий осмотр', 'Комплексный осмотр животного', 1500.00, 30, 'Диагностика', true, now()),
('550e8400-e29b-41d4-a716-446655440002', 'Вакцинация', 'Профилактическая вакцинация', 2000.00, 20, 'Профилактика', true, now()),
('550e8400-e29b-41d4-a716-446655440003', 'Стерилизация кошки', 'Хирургическая стерилизация', 8000.00, 120, 'Хирургия', true, now()),
('550e8400-e29b-41d4-a716-446655440004', 'Кастрация кота', 'Хирургическая кастрация', 6000.00, 90, 'Хирургия', true, now()),
('550e8400-e29b-41d4-a716-446655440005', 'Чистка зубов', 'Профессиональная чистка зубов', 3500.00, 60, 'Стоматология', true, now()),
('550e8400-e29b-41d4-a716-446655440006', 'УЗИ брюшной полости', 'Ультразвуковое исследование', 2500.00, 45, 'Диагностика', true, now()),
('550e8400-e29b-41d4-a716-446655440007', 'Рентген', 'Рентгенологическое исследование', 2000.00, 30, 'Диагностика', true, now()),
('550e8400-e29b-41d4-a716-446655440008', 'Лечение дерматита', 'Терапия кожных заболеваний', 2800.00, 40, 'Дерматология', true, now());

-- Добавляем владельцев животных
INSERT INTO pet_owners (id, full_name, email, phone, address, emergency_contact, notes, created_at, updated_at) VALUES
('660e8400-e29b-41d4-a716-446655440001', 'Иванова Мария Петровна', 'maria.ivanova@email.com', '+7 (495) 123-45-67', 'г. Москва, ул. Ленина, д. 10, кв. 25', '+7 (495) 987-65-43', 'Предпочитает утренние приемы', now(), now()),
('660e8400-e29b-41d4-a716-446655440002', 'Петров Алексей Сергеевич', 'alex.petrov@email.com', '+7 (495) 234-56-78', 'г. Москва, пр. Мира, д. 45, кв. 12', '+7 (495) 876-54-32', 'Боится инъекций животным', now(), now()),
('660e8400-e29b-41d4-a716-446655440003', 'Сидорова Елена Владимировна', 'elena.sidorova@email.com', '+7 (495) 345-67-89', 'г. Москва, ул. Гагарина, д. 78, кв. 5', '+7 (495) 765-43-21', 'Очень заботливая хозяйка', now(), now()),
('660e8400-e29b-41d4-a716-446655440004', 'Козлов Дмитрий Иванович', 'dmitry.kozlov@email.com', '+7 (495) 456-78-90', 'г. Москва, ул. Пушкина, д. 33, кв. 88', '+7 (495) 654-32-10', 'Работает в ночную смену', now(), now()),
('660e8400-e29b-41d4-a716-446655440005', 'Морозова Ольга Николаевна', 'olga.morozova@email.com', '+7 (495) 567-89-01', 'г. Москва, ул. Чехова, д. 15, кв. 42', '+7 (495) 543-21-09', 'Имеет несколько животных', now(), now());

-- Добавляем животных
INSERT INTO pets (id, name, species, breed, birth_date, gender, weight, color, microchip_number, allergies, medical_notes, owner_id, is_active, created_at, updated_at) VALUES
('770e8400-e29b-41d4-a716-446655440001', 'Мурка', 'Кошка', 'Британская короткошерстная', '2020-03-15', 'Женский', 4.2, 'Серый', '123456789012345', 'Аллергия на курицу', 'Склонна к ожирению', '660e8400-e29b-41d4-a716-446655440001', true, now(), now()),
('770e8400-e29b-41d4-a716-446655440002', 'Рекс', 'Собака', 'Немецкая овчарка', '2019-07-22', 'Мужской', 32.5, 'Черно-коричневый', '234567890123456', null, 'Активный, любит играть', '660e8400-e29b-41d4-a716-446655440002', true, now(), now()),
('770e8400-e29b-41d4-a716-446655440003', 'Белка', 'Кошка', 'Мейн-кун', '2021-11-08', 'Женский', 5.8, 'Рыжий', '345678901234567', 'Аллергия на рыбу', 'Очень спокойная', '660e8400-e29b-41d4-a716-446655440003', true, now(), now()),
('770e8400-e29b-41d4-a716-446655440004', 'Барон', 'Собака', 'Лабрадор', '2018-05-12', 'Мужской', 28.0, 'Золотистый', '456789012345678', null, 'Дружелюбный к детям', '660e8400-e29b-41d4-a716-446655440004', true, now(), now()),
('770e8400-e29b-41d4-a716-446655440005', 'Снежок', 'Кролик', 'Декоративный', '2022-01-20', 'Мужской', 1.8, 'Белый', null, null, 'Первый визит в клинику', '660e8400-e29b-41d4-a716-446655440005', true, now()),
('770e8400-e29b-41d4-a716-446655440006', 'Тигра', 'Кошка', 'Сибирская', '2020-09-03', 'Женский', 4.5, 'Полосатый', '567890123456789', null, 'Не любит переноски', '660e8400-e29b-41d4-a716-446655440005', true, now(), now());

-- Добавляем профили ветеринаров (эти пользователи должны быть зарегистрированы через форму)
INSERT INTO profiles (id, email, full_name, role, phone, specialization, license_number, is_active, created_at, updated_at) VALUES
('880e8400-e29b-41d4-a716-446655440001', 'admin@vetclinic.com', 'Администратор Системы', 'admin', '+7 (495) 111-11-11', null, null, true, now(), now()),
('880e8400-e29b-41d4-a716-446655440002', 'dr.ivanova@vetclinic.com', 'Иванова Анна Сергеевна', 'veterinarian', '+7 (495) 222-22-22', 'Терапевт', 'VET-2020-001', true, now(), now()),
('880e8400-e29b-41d4-a716-446655440003', 'dr.petrov@vetclinic.com', 'Петров Михаил Владимирович', 'veterinarian', '+7 (495) 333-33-33', 'Хирург', 'VET-2018-045', true, now(), now()),
('880e8400-e29b-41d4-a716-446655440004', 'dr.sidorova@vetclinic.com', 'Сидорова Елена Игоревна', 'veterinarian', '+7 (495) 444-44-44', 'Дерматолог', 'VET-2021-078', true, now(), now()),
('880e8400-e29b-41d4-a716-446655440005', 'receptionist1@vetclinic.com', 'Козлова Анна Петровна', 'receptionist', '+7 (495) 555-55-55', null, null, true, now(), now()),
('880e8400-e29b-41d4-a716-446655440006', 'receptionist2@vetclinic.com', 'Морозова Ольга Ивановна', 'receptionist', '+7 (495) 666-66-66', null, null, true, now(), now());

-- Добавляем записи на прием
INSERT INTO appointments (id, pet_id, veterinarian_id, service_id, appointment_date, appointment_time, duration_minutes, status, reason, diagnosis, treatment, notes, total_cost, follow_up_needed, follow_up_date, created_at, updated_at) VALUES
('990e8400-e29b-41d4-a716-446655440001', '770e8400-e29b-41d4-a716-446655440001', '880e8400-e29b-41d4-a716-446655440002', '550e8400-e29b-41d4-a716-446655440001', '2024-01-15', '10:00:00', 30, 'completed', 'Плановый осмотр', 'Здорова', 'Рекомендации по питанию', 'Кошка в хорошем состоянии', 1500.00, false, null, now(), now()),
('990e8400-e29b-41d4-a716-446655440002', '770e8400-e29b-41d4-a716-446655440002', '880e8400-e29b-41d4-a716-446655440003', '550e8400-e29b-41d4-a716-446655440002', '2024-01-16', '14:30:00', 20, 'completed', 'Вакцинация', 'Профилактика', 'Комплексная вакцина', 'Перенес хорошо', 2000.00, true, '2024-02-16', now(), now()),
('990e8400-e29b-41d4-a716-446655440003', '770e8400-e29b-41d4-a716-446655440003', '880e8400-e29b-41d4-a716-446655440004', '550e8400-e29b-41d4-a716-446655440008', '2024-01-17', '11:15:00', 40, 'scheduled', 'Проблемы с кожей', null, null, 'Запланирован осмотр дерматолога', 2800.00, false, null, now(), now()),
('990e8400-e29b-41d4-a716-446655440004', '770e8400-e29b-41d4-a716-446655440004', '880e8400-e29b-41d4-a716-446655440002', '550e8400-e29b-41d4-a716-446655440005', '2024-01-18', '15:00:00', 60, 'scheduled', 'Чистка зубов', null, null, 'Плановая процедура', 3500.00, false, null, now(), now()),
('990e8400-e29b-41d4-a716-446655440005', '770e8400-e29b-41d4-a716-446655440005', '880e8400-e29b-41d4-a716-446655440002', '550e8400-e29b-41d4-a716-446655440001', '2024-01-19', '09:30:00', 30, 'scheduled', 'Первичный осмотр', null, null, 'Первый визит кролика', 1500.00, false, null, now(), now());

-- Добавляем медицинские записи
INSERT INTO medical_records (id, pet_id, appointment_id, veterinarian_id, record_date, record_type, title, description, medications, attachments, next_visit_date, created_at) VALUES
('aa0e8400-e29b-41d4-a716-446655440001', '770e8400-e29b-41d4-a716-446655440001', '990e8400-e29b-41d4-a716-446655440001', '880e8400-e29b-41d4-a716-446655440002', '2024-01-15', 'examination', 'Плановый осмотр', 'Общее состояние удовлетворительное. Вес в норме. Рекомендована диета для профилактики ожирения.', null, '[]', null, now()),
('aa0e8400-e29b-41d4-a716-446655440002', '770e8400-e29b-41d4-a716-446655440002', '990e8400-e29b-41d4-a716-446655440002', '880e8400-e29b-41d4-a716-446655440003', '2024-01-16', 'vaccination', 'Комплексная вакцинация', 'Проведена вакцинация против бешенства, чумы, гепатита. Животное перенесло процедуру хорошо.', 'Вакцина Нобивак DHPPi+RL', '[]', '2024-02-16', now()),
('aa0e8400-e29b-41d4-a716-446655440003', '770e8400-e29b-41d4-a716-446655440001', null, '880e8400-e29b-41d4-a716-446655440002', '2024-01-10', 'note', 'Рекомендации по питанию', 'Владельцу даны рекомендации по переходу на диетический корм для профилактики ожирения.', null, '[]', '2024-04-15', now());
